/,19
/news,36
/reviews,40
/magazine,59
/podcast,37
http://www.wiredevent.co.uk/wired-health-2016,18
http://www.wired.co.uk/wired-video,18
http://www.wired.co.uk/wired-awake,18
http://www.wired.co.uk/newsletter,18
/wired-consulting,18
/wired-insider,18
/newsletter,19
/rss,18
/podcast/rss,18
/magazine,58
http://twitter.com/wireduk,20
http://www.google.com/+WiredUK,18
http://www.facebook.com/wireduk,18
http://wireduk.tumblr.com/,18
http://www.condenast.co.uk/privacy/,54
http://www.condenast.co.uk/terms/,54
/wired-insider/contact-us,55
http://www.wired.co.uk/subscriptions,25
/news/archive/2016-03/18/panasonic-robot-suit-exoskeleton,12
/news/archive/2016-03/18/panasonic-robot-suit-exoskeleton,11
/news/archive/2016-03/18/pluto-what-we-know-new-studies-nasa-new-horizons,6
/news/archive/2016-03/18/pluto-what-we-know-new-studies-nasa-new-horizons,5
/news/archive/2016-03/18/wired-awake-18-march,10
/news/archive/2016-03/18/wired-awake-18-march,9
/news/archive/2016-03/18/nokia-ozo-360-vr-camera-release-date-price,6
/news/archive/2016-03/18/nokia-ozo-360-vr-camera-release-date-price,5
/news/archive/2016-03/17/google-selling-boston-dynamics,8
/news/archive/2016-03/17/google-selling-boston-dynamics,7
/magazine/archive/2016/04/features/ingdan-internet-of-things-ecosystem-business-connecting,7
/magazine/archive/2016/04/features/ingdan-internet-of-things-ecosystem-business-connecting,6
/magazine/archive/2016/04/features/hax-hardware-accelerator-china,7
/magazine/archive/2016/04/features/hax-hardware-accelerator-china,6
/news/archive/2016-03/17/tutankhamun-tomb-secret-rooms-scan,6
/news/archive/2016-03/17/tutankhamun-tomb-secret-rooms-scan,5
/news/archive/2016-03/17/lobo-movie-confirmed-writer-announced,6
/news/archive/2016-03/17/lobo-movie-confirmed-writer-announced,5
/reviews/best-iphone-ipad-apps,8
/reviews/best-iphone-ipad-apps,7
/news/archive/2016-03/17/twitter-non-chronological-timeline-how-to-opt-out,6
/news/archive/2016-03/17/twitter-non-chronological-timeline-how-to-opt-out,5
/news/archive/2016-03/17/bumblebees-dont-like-sharing-flowers,6
/news/archive/2016-03/17/bumblebees-dont-like-sharing-flowers,5
/news/archive/2016-03/17/steve-wozniak-criticises-apple-watch-reddit-ama,8
/news/archive/2016-03/17/steve-wozniak-criticises-apple-watch-reddit-ama,7
/news/archive/2016-03/17/seaworld-stop-orca-breeding-killer-whales,6
/news/archive/2016-03/17/seaworld-stop-orca-breeding-killer-whales,5
/news/archive/2016-03/17/selfish-driving-urban-congestion-socially-aware-gps,6
/news/archive/2016-03/17/selfish-driving-urban-congestion-socially-aware-gps,5
/news/archive/2016-03/17/sky-virtual-reality-formula-one-video-vr-facebook,8
/news/archive/2016-03/17/sky-virtual-reality-formula-one-video-vr-facebook,7
/magazine/archive/2016/04/features/deepglint-surveillance-cctv-real-world-searchable,7
/magazine/archive/2016/04/features/deepglint-surveillance-cctv-real-world-searchable,6
/news/archive/2016-03/17/international-drifting-arctic-ice-station-global-warming,6
/news/archive/2016-03/17/international-drifting-arctic-ice-station-global-warming,5
/news/archive/2016-03/17/dengue-vaccine-human-trial-complete-protection,6
/news/archive/2016-03/17/dengue-vaccine-human-trial-complete-protection,5
/news/archive/2016-03/17/wired-awake-17-march,8
/news/archive/2016-03/17/wired-awake-17-march,7
/news/archive/2016-03/16/nike-hyper-adapt-self-lacing-shoes,6
/news/archive/2016-03/16/nike-hyper-adapt-self-lacing-shoes,5
/news/archive/2016-03/16/oculus-rift-launch-games-revealed,6
/news/archive/2016-03/16/oculus-rift-launch-games-revealed,5
/magazine/archive/2016/04/features/tujia-china-home-sharing-app-airbnb,7
/magazine/archive/2016/04/features/tujia-china-home-sharing-app-airbnb,6
/magazine/archive/2016/04/features/little-red-book-xiaohongshu-crowdsourced-shopping-app,7
/magazine/archive/2016/04/features/little-red-book-xiaohongshu-crowdsourced-shopping-app,6
/news/archive/2016-03/16/stagefright-android-real-world-hack,6
/news/archive/2016-03/16/stagefright-android-real-world-hack,5
/magazine/archive/2016/04/features/seeed-technology-china-rephone-smartphone-open-source,5
/magazine/archive/2016/04/features/seeed-technology-china-rephone-smartphone-open-source,4
/news/archive/2016-03/16/nasa-fire-in-space-iss,8
/news/archive/2016-03/16/nasa-fire-in-space-iss,7
/news/archive/2016-03/16/driverless-cars-uk-roads-2017-budget-2016,6
/news/archive/2016-03/16/driverless-cars-uk-roads-2017-budget-2016,5
/news/archive/2016-03/16/budget-2016-airbnb-micro-entrepreneur-tax-savings,6
/news/archive/2016-03/16/budget-2016-airbnb-micro-entrepreneur-tax-savings,5
/news/archive/2016-03/16/sugar-tax-budget-2016-primary-school-sport,6
/news/archive/2016-03/16/sugar-tax-budget-2016-primary-school-sport,5
/news,35
/reviews,39
/magazine,57
/podcast,36
#,18
http://arstechnica.co.uk,36
http://www.bridesmagazine.co.uk/,36
http://www.condenastcollege.co.uk/,36
http://www.johansens.com/,36
http://www.cntraveller.com/,36
http://www.glamourmagazine.co.uk/,36
http://www.gq-magazine.co.uk/,36
http://www.houseandgarden.co.uk/,36
http://www.thelovemagazine.co.uk/,36
http://www.tatler.co.uk/,36
http://www.vanityfair.co.uk/,36
http://www.vogue.co.uk/,36
http://www.worldofinteriors.co.uk/,36
http://www.wired.com/?us_site=y,36
http://www.wired.it/,36
http://wired.tw/,36
http://www.wired.de/,36
http://www.wired.jp/,36
http://www.condenast.co.uk/,18
http://www.condenast.co.uk/privacy/,53
http://www.condenast.co.uk/terms/,53
/wired-insider/contact-us,54
http://arstechnica.co.uk,35
http://www.bridesmagazine.co.uk/,35
http://www.condenastcollege.co.uk/,35
http://www.johansens.com/,35
http://www.cntraveller.com/,35
http://www.glamourmagazine.co.uk/,35
http://www.gq-magazine.co.uk/,35
http://www.houseandgarden.co.uk/,35
http://www.thelovemagazine.co.uk/,35
http://www.tatler.co.uk/,35
http://www.vanityfair.co.uk/,35
http://www.vogue.co.uk/,35
http://www.worldofinteriors.co.uk/,35
http://www.wired.com/?us_site=y,35
http://www.wired.it/,35
http://wired.tw/,35
http://www.wired.de/,35
http://www.wired.jp/,35
http://www.condenast.co.uk/privacy/,52
http://www.condenast.co.uk/terms/,52
/wired-insider/contact-us,53
/,18
/news,34
/reviews,38
/magazine,56
/podcast,35
http://www.wiredevent.co.uk/wired-health-2016,17
http://www.wired.co.uk/wired-video,17
http://www.wired.co.uk/wired-awake,17
http://www.wired.co.uk/newsletter,17
/wired-consulting,17
/wired-insider,17
/newsletter,18
/rss,17
/podcast/rss,17
/magazine,55
http://twitter.com/wireduk,19
http://www.google.com/+WiredUK,17
http://www.facebook.com/wireduk,17
http://wireduk.tumblr.com/,17
http://www.condenast.co.uk/privacy/,51
http://www.condenast.co.uk/terms/,51
/wired-insider/contact-us,52
http://www.wired.co.uk/subscriptions,24
/news/archive/2016-03/18/panasonic-robot-suit-exoskeleton,10
/news/archive/2016-03/18/panasonic-robot-suit-exoskeleton,9
/news/archive/2016-03/18/pluto-what-we-know-new-studies-nasa-new-horizons,4
/news/archive/2016-03/18/pluto-what-we-know-new-studies-nasa-new-horizons,3
/news/archive/2016-03/18/wired-awake-18-march,8
/news/archive/2016-03/18/wired-awake-18-march,7
/news/archive/2016-03/18/nokia-ozo-360-vr-camera-release-date-price,4
/news/archive/2016-03/18/nokia-ozo-360-vr-camera-release-date-price,3
/news/archive/2016-03/17/google-selling-boston-dynamics,6
/news/archive/2016-03/17/google-selling-boston-dynamics,5
/magazine/archive/2016/04/features/ingdan-internet-of-things-ecosystem-business-connecting,5
/magazine/archive/2016/04/features/ingdan-internet-of-things-ecosystem-business-connecting,4
/magazine/archive/2016/04/features/hax-hardware-accelerator-china,5
/magazine/archive/2016/04/features/hax-hardware-accelerator-china,4
/news/archive/2016-03/17/tutankhamun-tomb-secret-rooms-scan,4
/news/archive/2016-03/17/tutankhamun-tomb-secret-rooms-scan,3
/news/archive/2016-03/17/lobo-movie-confirmed-writer-announced,4
/news/archive/2016-03/17/lobo-movie-confirmed-writer-announced,3
/reviews/best-iphone-ipad-apps,6
/reviews/best-iphone-ipad-apps,5
/news/archive/2016-03/17/twitter-non-chronological-timeline-how-to-opt-out,4
/news/archive/2016-03/17/twitter-non-chronological-timeline-how-to-opt-out,3
/news/archive/2016-03/17/bumblebees-dont-like-sharing-flowers,4
/news/archive/2016-03/17/bumblebees-dont-like-sharing-flowers,3
/news/archive/2016-03/17/steve-wozniak-criticises-apple-watch-reddit-ama,6
/news/archive/2016-03/17/steve-wozniak-criticises-apple-watch-reddit-ama,5
/news/archive/2016-03/17/seaworld-stop-orca-breeding-killer-whales,4
/news/archive/2016-03/17/seaworld-stop-orca-breeding-killer-whales,3
/news/archive/2016-03/17/selfish-driving-urban-congestion-socially-aware-gps,4
/news/archive/2016-03/17/selfish-driving-urban-congestion-socially-aware-gps,3
/news/archive/2016-03/17/sky-virtual-reality-formula-one-video-vr-facebook,6
/news/archive/2016-03/17/sky-virtual-reality-formula-one-video-vr-facebook,5
/magazine/archive/2016/04/features/deepglint-surveillance-cctv-real-world-searchable,5
/magazine/archive/2016/04/features/deepglint-surveillance-cctv-real-world-searchable,4
/news/archive/2016-03/17/international-drifting-arctic-ice-station-global-warming,4
/news/archive/2016-03/17/international-drifting-arctic-ice-station-global-warming,3
/news/archive/2016-03/17/dengue-vaccine-human-trial-complete-protection,4
/news/archive/2016-03/17/dengue-vaccine-human-trial-complete-protection,3
/news/archive/2016-03/17/wired-awake-17-march,6
/news/archive/2016-03/17/wired-awake-17-march,5
/news/archive/2016-03/16/nike-hyper-adapt-self-lacing-shoes,4
/news/archive/2016-03/16/nike-hyper-adapt-self-lacing-shoes,3
/news/archive/2016-03/16/oculus-rift-launch-games-revealed,4
/news/archive/2016-03/16/oculus-rift-launch-games-revealed,3
/magazine/archive/2016/04/features/tujia-china-home-sharing-app-airbnb,5
/magazine/archive/2016/04/features/tujia-china-home-sharing-app-airbnb,4
/magazine/archive/2016/04/features/little-red-book-xiaohongshu-crowdsourced-shopping-app,5
/magazine/archive/2016/04/features/little-red-book-xiaohongshu-crowdsourced-shopping-app,4
/news/archive/2016-03/16/stagefright-android-real-world-hack,4
/news/archive/2016-03/16/stagefright-android-real-world-hack,3
/magazine/archive/2016/04/features/seeed-technology-china-rephone-smartphone-open-source,3
/magazine/archive/2016/04/features/seeed-technology-china-rephone-smartphone-open-source,2
/news/archive/2016-03/16/nasa-fire-in-space-iss,6
/news/archive/2016-03/16/nasa-fire-in-space-iss,5
/news/archive/2016-03/16/driverless-cars-uk-roads-2017-budget-2016,4
/news/archive/2016-03/16/driverless-cars-uk-roads-2017-budget-2016,3
/news/archive/2016-03/16/budget-2016-airbnb-micro-entrepreneur-tax-savings,4
/news/archive/2016-03/16/budget-2016-airbnb-micro-entrepreneur-tax-savings,3
/news/archive/2016-03/16/sugar-tax-budget-2016-primary-school-sport,4
/news/archive/2016-03/16/sugar-tax-budget-2016-primary-school-sport,3
/news,33
/reviews,37
/magazine,54
/podcast,34
#,17
http://arstechnica.co.uk,34
http://www.bridesmagazine.co.uk/,34
http://www.condenastcollege.co.uk/,34
http://www.johansens.com/,34
http://www.cntraveller.com/,34
http://www.glamourmagazine.co.uk/,34
http://www.gq-magazine.co.uk/,34
http://www.houseandgarden.co.uk/,34
http://www.thelovemagazine.co.uk/,34
http://www.tatler.co.uk/,34
http://www.vanityfair.co.uk/,34
http://www.vogue.co.uk/,34
http://www.worldofinteriors.co.uk/,34
http://www.wired.com/?us_site=y,34
http://www.wired.it/,34
http://wired.tw/,34
http://www.wired.de/,34
http://www.wired.jp/,34
http://www.condenast.co.uk/,17
http://www.condenast.co.uk/privacy/,50
http://www.condenast.co.uk/terms/,50
/wired-insider/contact-us,51
http://arstechnica.co.uk,33
http://www.bridesmagazine.co.uk/,33
http://www.condenastcollege.co.uk/,33
http://www.johansens.com/,33
http://www.cntraveller.com/,33
http://www.glamourmagazine.co.uk/,33
http://www.gq-magazine.co.uk/,33
http://www.houseandgarden.co.uk/,33
http://www.thelovemagazine.co.uk/,33
http://www.tatler.co.uk/,33
http://www.vanityfair.co.uk/,33
http://www.vogue.co.uk/,33
http://www.worldofinteriors.co.uk/,33
http://www.wired.com/?us_site=y,33
http://www.wired.it/,33
http://wired.tw/,33
http://www.wired.de/,33
http://www.wired.jp/,33
http://www.condenast.co.uk/privacy/,49
http://www.condenast.co.uk/terms/,49
/wired-insider/contact-us,50
/,17
/news,32
/reviews,36
/magazine,53
/podcast,33
http://www.wiredevent.co.uk/wired-health-2016,16
http://www.wired.co.uk/wired-video,16
http://www.wired.co.uk/wired-awake,16
http://www.wired.co.uk/newsletter,16
/wired-consulting,16
/wired-insider,16
/newsletter,17
/rss,16
/podcast/rss,16
/magazine,52
http://twitter.com/wireduk,18
http://www.google.com/+WiredUK,16
http://www.facebook.com/wireduk,16
http://wireduk.tumblr.com/,16
http://www.condenast.co.uk/privacy/,48
http://www.condenast.co.uk/terms/,48
/wired-insider/contact-us,49
http://www.wired.co.uk/subscriptions,23
/news/archive/2016-03/18/panasonic-robot-suit-exoskeleton,8
/news/archive/2016-03/18/panasonic-robot-suit-exoskeleton,7
/news/archive/2016-03/18/pluto-what-we-know-new-studies-nasa-new-horizons,2
/news/archive/2016-03/18/pluto-what-we-know-new-studies-nasa-new-horizons,1
/news/archive/2016-03/18/wired-awake-18-march,6
/news/archive/2016-03/18/wired-awake-18-march,5
/news/archive/2016-03/18/nokia-ozo-360-vr-camera-release-date-price,2
/news/archive/2016-03/18/nokia-ozo-360-vr-camera-release-date-price,1
/news/archive/2016-03/17/google-selling-boston-dynamics,4
/news/archive/2016-03/17/google-selling-boston-dynamics,3
/news/archive/2016-03/17/tutankhamun-tomb-secret-rooms-scan,2
/news/archive/2016-03/17/tutankhamun-tomb-secret-rooms-scan,1
/news/archive/2016-03/17/lobo-movie-confirmed-writer-announced,2
/news/archive/2016-03/17/lobo-movie-confirmed-writer-announced,1
/news/archive/2016-03/17/twitter-non-chronological-timeline-how-to-opt-out,2
/news/archive/2016-03/17/twitter-non-chronological-timeline-how-to-opt-out,1
/news/archive/2016-03/17/bumblebees-dont-like-sharing-flowers,2
/news/archive/2016-03/17/bumblebees-dont-like-sharing-flowers,1
/news/archive/2016-03/17/steve-wozniak-criticises-apple-watch-reddit-ama,4
/news/archive/2016-03/17/steve-wozniak-criticises-apple-watch-reddit-ama,3
/news/archive/2016-03/17/seaworld-stop-orca-breeding-killer-whales,2
/news/archive/2016-03/17/seaworld-stop-orca-breeding-killer-whales,1
/news/archive/2016-03/17/selfish-driving-urban-congestion-socially-aware-gps,2
/news/archive/2016-03/17/selfish-driving-urban-congestion-socially-aware-gps,1
/news/archive/2016-03/17/sky-virtual-reality-formula-one-video-vr-facebook,4
/news/archive/2016-03/17/sky-virtual-reality-formula-one-video-vr-facebook,3
/news/archive/2016-03/17/international-drifting-arctic-ice-station-global-warming,2
/news/archive/2016-03/17/international-drifting-arctic-ice-station-global-warming,1
/news/archive/2016-03/17/dengue-vaccine-human-trial-complete-protection,2
/news/archive/2016-03/17/dengue-vaccine-human-trial-complete-protection,1
/news/archive/2016-03/17/wired-awake-17-march,4
/news/archive/2016-03/17/wired-awake-17-march,3
/news/archive/2016-03/16/nike-hyper-adapt-self-lacing-shoes,2
/news/archive/2016-03/16/nike-hyper-adapt-self-lacing-shoes,1
/news/archive/2016-03/16/oculus-rift-launch-games-revealed,2
/news/archive/2016-03/16/oculus-rift-launch-games-revealed,1
/news/archive/2016-03/16/stagefright-android-real-world-hack,2
/news/archive/2016-03/16/stagefright-android-real-world-hack,1
/news/archive/2016-03/16/nasa-fire-in-space-iss,4
/news/archive/2016-03/16/nasa-fire-in-space-iss,3
/news/archive/2016-03/16/driverless-cars-uk-roads-2017-budget-2016,2
/news/archive/2016-03/16/driverless-cars-uk-roads-2017-budget-2016,1
/news/archive/2016-03/16/budget-2016-airbnb-micro-entrepreneur-tax-savings,2
/news/archive/2016-03/16/budget-2016-airbnb-micro-entrepreneur-tax-savings,1
/news/archive/2016-03/16/sugar-tax-budget-2016-primary-school-sport,2
/news/archive/2016-03/16/sugar-tax-budget-2016-primary-school-sport,1
/news/archive/2016-03/16/cryengine-v-pay-what-you-want,2
/news/archive/2016-03/16/cryengine-v-pay-what-you-want,1
/news/archive/2016-03/16/ip-bill-political-party-positions,2
/news/archive/2016-03/16/ip-bill-political-party-positions,1
/news/archive/2016-03/16/wellcome-image-award-winners,2
/news/archive/2016-03/16/wellcome-image-award-winners,1
/news/archive/2016-03/16/un-world-happiness-equality,2
/news/archive/2016-03/16/un-world-happiness-equality,1
/news/archive/2016-03/16/microsoft-hololens-actiongram-augmented-reality,2
/news/archive/2016-03/16/microsoft-hololens-actiongram-augmented-reality,1
/news/archive/2016-03/16/celebgate-hack-nude-celebrity-photos-accused-guilty-plea,2
/news/archive/2016-03/16/celebgate-hack-nude-celebrity-photos-accused-guilty-plea,1
/news/archive/2016-03/16/wired-awake-16-march,4
/news/archive/2016-03/16/wired-awake-16-march,3
/news,31
/reviews,35
/magazine,51
/podcast,32
#,16
http://arstechnica.co.uk,32
http://www.bridesmagazine.co.uk/,32
http://www.condenastcollege.co.uk/,32
http://www.johansens.com/,32
http://www.cntraveller.com/,32
http://www.glamourmagazine.co.uk/,32
http://www.gq-magazine.co.uk/,32
http://www.houseandgarden.co.uk/,32
http://www.thelovemagazine.co.uk/,32
http://www.tatler.co.uk/,32
http://www.vanityfair.co.uk/,32
http://www.vogue.co.uk/,32
http://www.worldofinteriors.co.uk/,32
http://www.wired.com/?us_site=y,32
http://www.wired.it/,32
http://wired.tw/,32
http://www.wired.de/,32
http://www.wired.jp/,32
http://www.condenast.co.uk/,16
http://www.condenast.co.uk/privacy/,47
http://www.condenast.co.uk/terms/,47
/wired-insider/contact-us,48
http://arstechnica.co.uk,31
http://www.bridesmagazine.co.uk/,31
http://www.condenastcollege.co.uk/,31
http://www.johansens.com/,31
http://www.cntraveller.com/,31
http://www.glamourmagazine.co.uk/,31
http://www.gq-magazine.co.uk/,31
http://www.houseandgarden.co.uk/,31
http://www.thelovemagazine.co.uk/,31
http://www.tatler.co.uk/,31
http://www.vanityfair.co.uk/,31
http://www.vogue.co.uk/,31
http://www.worldofinteriors.co.uk/,31
http://www.wired.com/?us_site=y,31
http://www.wired.it/,31
http://wired.tw/,31
http://www.wired.de/,31
http://www.wired.jp/,31
http://www.condenast.co.uk/privacy/,46
http://www.condenast.co.uk/terms/,46
/wired-insider/contact-us,47
/,16
/reviews/mobile-phones,1
/reviews/tablets,1
/reviews/gadgets,1
/reviews/cameras-and-camcorders,1
/reviews/laptops,1
/reviews/tvs-and-home-cinema,1
/reviews/games,1
/news,30
/reviews,34
/magazine,50
/podcast,31
http://www.wiredevent.co.uk/wired-health-2016,15
http://www.wired.co.uk/wired-video,15
http://www.wired.co.uk/wired-awake,15
http://www.wired.co.uk/newsletter,15
/wired-consulting,15
/wired-insider,15
/newsletter,16
/rss,15
/podcast/rss,15
/magazine,49
http://twitter.com/wireduk,17
http://www.google.com/+WiredUK,15
http://www.facebook.com/wireduk,15
http://wireduk.tumblr.com/,15
http://www.condenast.co.uk/privacy/,45
http://www.condenast.co.uk/terms/,45
/wired-insider/contact-us,46
http://www.wired.co.uk/subscriptions,22
/reviews/best-iphone-ipad-apps,4
/reviews/best-iphone-ipad-apps,3
/reviews/drones/dji-phantom-4-drone-4k-camera-review,4
/reviews/drones/dji-phantom-4-drone-4k-camera-review,3
/reviews/laptops/2016-03/microsoft-surface-book-review,4
/reviews/laptops/2016-03/microsoft-surface-book-review,3
/reviews/tablets/2015-12/google-pixel-c-review,4
/reviews/tablets/2015-12/google-pixel-c-review,3
/reviews/mobile-phones/2015-12/sony-xperia-z5-compact-review,4
/reviews/mobile-phones/2015-12/sony-xperia-z5-compact-review,3
/reviews/tablets/2015-11/microsoft-surface-pro-4-review,4
/reviews/tablets/2015-11/microsoft-surface-pro-4-review,3
/reviews/games/2015-11/star-wars-battlefront-uk-review,2
/reviews/games/2015-11/star-wars-battlefront-uk-review,1
/reviews/tablets/2015-11/ipad-pro-review,2
/reviews/tablets/2015-11/ipad-pro-review,1
/reviews/games/2015-11/fallout-4-review-day-five,2
/reviews/games/2015-11/fallout-4-review-day-five,1
/reviews/games/2015-11/rise-of-the-tomb-raider-review,2
/reviews/games/2015-11/rise-of-the-tomb-raider-review,1
/reviews/tvs-and-home-cinema/2015-10/apple-tv-review-2015,2
/reviews/tvs-and-home-cinema/2015-10/apple-tv-review-2015,1
/reviews/games/2015-10/halo-5-guardians-review,2
/reviews/games/2015-10/halo-5-guardians-review,1
/reviews/games/2015-10/assassins-creed-syndicate-review,2
/reviews/games/2015-10/assassins-creed-syndicate-review,1
/reviews/games/2015-10/guitar-hero-live-review,2
/reviews/games/2015-10/guitar-hero-live-review,1
/reviews/games/2015-10/minecraft-story-mode-review,2
/reviews/games/2015-10/minecraft-story-mode-review,1
/reviews/games/2015-10/rock-band-4-review,2
/reviews/games/2015-10/rock-band-4-review,1
/reviews/gadgets/2015-09/sony-smartband-2-review,2
/reviews/gadgets/2015-09/sony-smartband-2-review,1
/reviews/games/2015-09/fifa-16-review,2
/reviews/games/2015-09/fifa-16-review,1
/reviews/games/2015-09/skylanders-superchargers-review,2
/reviews/games/2015-09/skylanders-superchargers-review,1
/reviews/mobile-phones/2015-09/iphone-6s-review,2
/reviews/mobile-phones/2015-09/iphone-6s-review,1
/reviews/mobile-phones/2015-09/samsung-galaxy-s6-edge-plus-review,2
/reviews/mobile-phones/2015-09/samsung-galaxy-s6-edge-plus-review,1
/reviews/games/2015-09/super-mario-maker-review-uk,2
/reviews/games/2015-09/super-mario-maker-review-uk,1
/reviews/games/2015-09/forza-motorsport-6-review-xbox-one-rain,2
/reviews/games/2015-09/forza-motorsport-6-review-xbox-one-rain,1
/reviews/mobile-phones/2015-09/moto-x-play-review,2
/reviews/mobile-phones/2015-09/moto-x-play-review,1
/reviews/games/2015-09/madden-nfl-16-review-uk,2
/reviews/games/2015-09/madden-nfl-16-review-uk,1
/reviews/games/2015-08/disney-infinity-30-review,2
/reviews/games/2015-08/disney-infinity-30-review,1
/reviews/mobile-phones/2015-08/motorola-moto-g-(2015),2
/reviews/mobile-phones/2015-08/motorola-moto-g-(2015),1
/reviews/gadgets/2015-08/minecraft-gameband-review,2
/reviews/gadgets/2015-08/minecraft-gameband-review,1
/reviews/games/2015-08/everybodys-gone-to-the-rapture-review,2
/reviews/games/2015-08/everybodys-gone-to-the-rapture-review,1
/reviews/games/2015-08/rare-replay-review,2
/reviews/games/2015-08/rare-replay-review,1
/news,29
/reviews,33
/magazine,48
/podcast,30
#,15
http://arstechnica.co.uk,30
http://www.bridesmagazine.co.uk/,30
http://www.condenastcollege.co.uk/,30
http://www.johansens.com/,30
http://www.cntraveller.com/,30
http://www.glamourmagazine.co.uk/,30
http://www.gq-magazine.co.uk/,30
http://www.houseandgarden.co.uk/,30
http://www.thelovemagazine.co.uk/,30
http://www.tatler.co.uk/,30
http://www.vanityfair.co.uk/,30
http://www.vogue.co.uk/,30
http://www.worldofinteriors.co.uk/,30
http://www.wired.com/?us_site=y,30
http://www.wired.it/,30
http://wired.tw/,30
http://www.wired.de/,30
http://www.wired.jp/,30
http://www.condenast.co.uk/,15
http://www.condenast.co.uk/privacy/,44
http://www.condenast.co.uk/terms/,44
/wired-insider/contact-us,45
http://arstechnica.co.uk,29
http://www.bridesmagazine.co.uk/,29
http://www.condenastcollege.co.uk/,29
http://www.johansens.com/,29
http://www.cntraveller.com/,29
http://www.glamourmagazine.co.uk/,29
http://www.gq-magazine.co.uk/,29
http://www.houseandgarden.co.uk/,29
http://www.thelovemagazine.co.uk/,29
http://www.tatler.co.uk/,29
http://www.vanityfair.co.uk/,29
http://www.vogue.co.uk/,29
http://www.worldofinteriors.co.uk/,29
http://www.wired.com/?us_site=y,29
http://www.wired.it/,29
http://wired.tw/,29
http://www.wired.de/,29
http://www.wired.jp/,29
http://www.condenast.co.uk/privacy/,43
http://www.condenast.co.uk/terms/,43
/wired-insider/contact-us,44
/,15
/magazine/subscribe,1
/magazine/ipad,1
/magazine/archive,1
/topics,10
/news,28
/reviews,32
/magazine,47
/podcast,29
http://www.wiredevent.co.uk/wired-health-2016,14
http://www.wired.co.uk/wired-video,14
http://www.wired.co.uk/wired-awake,14
http://www.wired.co.uk/newsletter,14
/wired-consulting,14
/wired-insider,14
/newsletter,15
/rss,14
/podcast/rss,14
/magazine,46
http://twitter.com/wireduk,16
http://www.google.com/+WiredUK,14
http://www.facebook.com/wireduk,14
http://wireduk.tumblr.com/,14
http://www.condenast.co.uk/privacy/,42
http://www.condenast.co.uk/terms/,42
/wired-insider/contact-us,43
http://www.wired.co.uk/subscriptions,21
http://www.wired.co.uk/subscriptions,20
/magazine,45
/magazine/archive/2016/04/start/editors-letter-april-2016,1
#CommentForm,1
/magazine/archive/2016/04/features,1
/magazine/archive/2016/04/features/xiaomi-lei-jun-internet-thinking,1
/magazine/archive/2016/04/features/shenzhen-china-electronics-market,1
/magazine/archive/2016/04/features/dji-drones-big-plans,1
/magazine/archive/2016/04/features/china-wearables-mobvoi-ticwatch-google,1
/magazine/archive/2016/04/features/autogo-china-petrol-station-brands-guang-xiao,1
/magazine/archive/2016/04/start,1
/magazine/archive/2016/04/start/arnhem-centraal-station-design,1
/magazine/archive/2016/04/start/recycling-tyres-concrete-anagennisi,1
/magazine/archive/2016/04/start/the-royal-mint-money-coins-currency-queen,1
/magazine/archive/2016/04/gear,1
/magazine/archive/2016/04/gear/nike-flyknit-lunar-epic-running-shoe,1
/magazine/archive/2016/04/gear/best-iron-review-prices-tefal-effectis-philips,1
/magazine/archive/2016/04/gear/best-multipurpose-power-tools-reviewed-dewalt-black--decker,1
/magazine/archive/2016/04/play,1
/magazine/archive/2016/04/play/brazil-museu-do-amanha-architecture,1
/magazine/archive/2016/04/play/eating-insects-mealworms-grub-recipe-book,1
/magazine/archive/2016/04/play/chinese-cinema-kung-fu-panda-3-pixels-monster-hunt,1
/magazine/archive/2016/04/features/loji-trucking-smartphone-app-china-lorries,1
/magazine/archive/2016/04/features/seeed-technology-china-rephone-smartphone-open-source,1
/magazine/archive/2016/04/features/little-red-book-xiaohongshu-crowdsourced-shopping-app,3
/magazine/archive/2016/04/features/tujia-china-home-sharing-app-airbnb,3
/magazine/archive/2016/04/features/deepglint-surveillance-cctv-real-world-searchable,3
/magazine/archive/2016/04/features/hax-hardware-accelerator-china,3
/magazine/archive/2016/04/features/ingdan-internet-of-things-ecosystem-business-connecting,3
/magazine/archive/2016,1
/magazine/archive/2016/03,1
http://www.wired.co.uk/news,4
/news/archive/2012-11/08/halo-4-tips,2
/news/archive/2010-08/24/pissky,1
/news/archive/2011-11/23/minecraft-careers,2
/news/archive/2013-03/26/facebook-calls,1
/news/archive/2013-01/10/1tb-kingston-hyper-x-predator,1
/news/archive/2010-03/24/spyparty-is-ultimate-mind-game,2
/news/archive/2012-10/05/boosting-facebook-like-stats,2
/news/archive/2012-02/10/phones-4u-jump,1
http://www.wired.co.uk/news,3
/magazine,44
/magazine/archive/2016/04/features/ingdan-internet-of-things-ecosystem-business-connecting,2
/magazine/archive/2016/04/features/hax-hardware-accelerator-china,2
/magazine/archive/2016/04/features/deepglint-surveillance-cctv-real-world-searchable,2
/magazine/archive/2016/04/features/tujia-china-home-sharing-app-airbnb,2
/magazine/archive/2016/04/features/little-red-book-xiaohongshu-crowdsourced-shopping-app,2
/magazine,43
#WiredTwitter,2
http://twitter.com/wireduk,15
http://facebook.com/wireduk,2
/reviews,31
/reviews/best-iphone-ipad-apps,2
/reviews/drones/dji-phantom-4-drone-4k-camera-review,2
/reviews/laptops/2016-03/microsoft-surface-book-review,2
/reviews/tablets/2015-12/google-pixel-c-review,2
/reviews/mobile-phones/2015-12/sony-xperia-z5-compact-review,2
/reviews/tablets/2015-11/microsoft-surface-pro-4-review,2
/reviews,30
/news,27
/reviews,29
/magazine,42
/podcast,28
#,14
http://arstechnica.co.uk,28
http://www.bridesmagazine.co.uk/,28
http://www.condenastcollege.co.uk/,28
http://www.johansens.com/,28
http://www.cntraveller.com/,28
http://www.glamourmagazine.co.uk/,28
http://www.gq-magazine.co.uk/,28
http://www.houseandgarden.co.uk/,28
http://www.thelovemagazine.co.uk/,28
http://www.tatler.co.uk/,28
http://www.vanityfair.co.uk/,28
http://www.vogue.co.uk/,28
http://www.worldofinteriors.co.uk/,28
http://www.wired.com/?us_site=y,28
http://www.wired.it/,28
http://wired.tw/,28
http://www.wired.de/,28
http://www.wired.jp/,28
http://www.condenast.co.uk/,14
http://www.condenast.co.uk/privacy/,41
http://www.condenast.co.uk/terms/,41
/wired-insider/contact-us,42
http://arstechnica.co.uk,27
http://www.bridesmagazine.co.uk/,27
http://www.condenastcollege.co.uk/,27
http://www.johansens.com/,27
http://www.cntraveller.com/,27
http://www.glamourmagazine.co.uk/,27
http://www.gq-magazine.co.uk/,27
http://www.houseandgarden.co.uk/,27
http://www.thelovemagazine.co.uk/,27
http://www.tatler.co.uk/,27
http://www.vanityfair.co.uk/,27
http://www.vogue.co.uk/,27
http://www.worldofinteriors.co.uk/,27
http://www.wired.com/?us_site=y,27
http://www.wired.it/,27
http://wired.tw/,27
http://www.wired.de/,27
http://www.wired.jp/,27
http://www.condenast.co.uk/privacy/,40
http://www.condenast.co.uk/terms/,40
/wired-insider/contact-us,41
/,14
/podcast,27
/podcastitunes,1
/podcastrss,1
/news,26
/reviews,28
/magazine,41
/podcast,26
http://www.wiredevent.co.uk/wired-health-2016,13
http://www.wired.co.uk/wired-video,13
http://www.wired.co.uk/wired-awake,13
http://www.wired.co.uk/newsletter,13
/wired-consulting,13
/wired-insider,13
/newsletter,14
/rss,13
/podcast/rss,13
/magazine,40
http://twitter.com/wireduk,14
http://www.google.com/+WiredUK,13
http://www.facebook.com/wireduk,13
http://wireduk.tumblr.com/,13
http://www.condenast.co.uk/privacy/,39
http://www.condenast.co.uk/terms/,39
/wired-insider/contact-us,40
http://www.wired.co.uk/subscriptions,19
/podcast/episode-258,2
/podcast/episode-258,1
/podcast/wired-stories-episode-1,2
/podcast/wired-stories-episode-1,1
/podcast/episode-257,2
/podcast/episode-257,1
/podcast/episode-256,2
/podcast/episode-256,1
/podcast/episode-255,2
/podcast/episode-255,1
/podcast/episode-254,2
/podcast/episode-254,1
/podcast/episode-253,2
/podcast/episode-253,1
/podcast/episode-252,2
/podcast/episode-252,1
/podcast/episode-251,2
/podcast/episode-251,1
/podcast/episode-250,2
/podcast/episode-250,1
/podcast/episode-249,2
/podcast/episode-249,1
/podcast/episode-248,2
/podcast/episode-248,1
/podcast/episode-247,2
/podcast/episode-247,1
/podcast/episode-246,2
/podcast/episode-246,1
/podcast/episode-245,2
/podcast/episode-245,1
/podcast/episode-244,2
/podcast/episode-244,1
/podcast/episode-243,2
/podcast/episode-243,1
/podcast/danny-boyle-steve-jobs,2
/podcast/danny-boyle-steve-jobs,1
/podcast/episode-242,2
/podcast/episode-242,1
/podcast/episode-241,2
/podcast/episode-241,1
/podcast/episode-240,2
/podcast/episode-240,1
/podcast/episode-239,2
/podcast/episode-239,1
/podcast/episode-238,2
/podcast/episode-238,1
/podcast/episode-237,2
/podcast/episode-237,1
/podcast/episode-236,2
/podcast/episode-236,1
/podcast/episode-235,2
/podcast/episode-235,1
/podcast/episode-234,2
/podcast/episode-234,1
/podcast/episode-233,2
/podcast/episode-233,1
/podcast/episode-232,2
/podcast/episode-232,1
/podcast/episode-231,2
/podcast/episode-231,1
/news,25
/reviews,27
/magazine,39
/podcast,25
#,13
http://arstechnica.co.uk,26
http://www.bridesmagazine.co.uk/,26
http://www.condenastcollege.co.uk/,26
http://www.johansens.com/,26
http://www.cntraveller.com/,26
http://www.glamourmagazine.co.uk/,26
http://www.gq-magazine.co.uk/,26
http://www.houseandgarden.co.uk/,26
http://www.thelovemagazine.co.uk/,26
http://www.tatler.co.uk/,26
http://www.vanityfair.co.uk/,26
http://www.vogue.co.uk/,26
http://www.worldofinteriors.co.uk/,26
http://www.wired.com/?us_site=y,26
http://www.wired.it/,26
http://wired.tw/,26
http://www.wired.de/,26
http://www.wired.jp/,26
http://www.condenast.co.uk/,13
http://www.condenast.co.uk/privacy/,38
http://www.condenast.co.uk/terms/,38
/wired-insider/contact-us,39
http://arstechnica.co.uk,25
http://www.bridesmagazine.co.uk/,25
http://www.condenastcollege.co.uk/,25
http://www.johansens.com/,25
http://www.cntraveller.com/,25
http://www.glamourmagazine.co.uk/,25
http://www.gq-magazine.co.uk/,25
http://www.houseandgarden.co.uk/,25
http://www.thelovemagazine.co.uk/,25
http://www.tatler.co.uk/,25
http://www.vanityfair.co.uk/,25
http://www.vogue.co.uk/,25
http://www.worldofinteriors.co.uk/,25
http://www.wired.com/?us_site=y,25
http://www.wired.it/,25
http://wired.tw/,25
http://www.wired.de/,25
http://www.wired.jp/,25
http://www.condenast.co.uk/privacy/,37
http://www.condenast.co.uk/terms/,37
/wired-insider/contact-us,38
/,13
/news,24
/reviews,26
/magazine,38
/podcast,24
http://www.wiredevent.co.uk/wired-health-2016,12
http://www.wired.co.uk/wired-video,12
http://www.wired.co.uk/wired-awake,12
http://www.wired.co.uk/newsletter,12
/wired-consulting,12
/wired-insider,12
/newsletter,13
/rss,12
/podcast/rss,12
/magazine,37
http://twitter.com/wireduk,13
http://www.google.com/+WiredUK,12
http://www.facebook.com/wireduk,12
http://wireduk.tumblr.com/,12
http://www.condenast.co.uk/privacy/,36
http://www.condenast.co.uk/terms/,36
/wired-insider/contact-us,37
http://www.wired.co.uk/subscriptions,18
/news/archive/2016-02/29/bentley-bentayga-worlds-loudest-suv,2
/news/archive/2016-02/29/bentley-bentayga-worlds-loudest-suv,1
/news/archive/2015-10/09/cannondale-slate-coolest-thing-wired-office-video,2
/news/archive/2015-10/09/cannondale-slate-coolest-thing-wired-office-video,1
/news/archive/2015-09/25/nerf-modulus-coolest-thing-wired-office-video,2
/news/archive/2015-09/25/nerf-modulus-coolest-thing-wired-office-video,1
/news/archive/2015-09/11/bb8-coolest-thing-wired-office-video,2
/news/archive/2015-09/11/bb8-coolest-thing-wired-office-video,1
/news/archive/2015-09/11/divine-ds-wired-hyde-park,2
/news/archive/2015-09/11/divine-ds-wired-hyde-park,1
/news/archive/2015-09/03/olafur-eliasson-little-sun-charge,2
/news/archive/2015-09/03/olafur-eliasson-little-sun-charge,1
/news/archive/2015-08/28/reify-totem-coolest-thing-wired-office-video,2
/news/archive/2015-08/28/reify-totem-coolest-thing-wired-office-video,1
/news/archive/2015-08/14/airwheels-airboard-coolest-thing-wired-office-video,2
/news/archive/2015-08/14/airwheels-airboard-coolest-thing-wired-office-video,1
/news/archive/2015-08/21/wireless-armour-coolest-thing-wired-office-video,2
/news/archive/2015-08/21/wireless-armour-coolest-thing-wired-office-video,1
/news/archive/2015-08/10/audi-r8-v10-plus-hands-on,2
/news/archive/2015-08/10/audi-r8-v10-plus-hands-on,1
/news/archive/2015-08/07/bionic-bird-video,2
/news/archive/2015-08/07/bionic-bird-video,1
/news/archive/2015-08/05/tv-white-space-drones-oxford-flood-network,2
/news/archive/2015-08/05/tv-white-space-drones-oxford-flood-network,1
/news/archive/2015-08/03/uk-drone-racing-video,2
/news/archive/2015-08/03/uk-drone-racing-video,1
/news/archive/2015-07/31/samsung-r6-r7-wireless-speakers,2
/news/archive/2015-07/31/samsung-r6-r7-wireless-speakers,1
/news/archive/2015-07/24/vitastiq-coolest-object-in-the-wired-office,2
/news/archive/2015-07/24/vitastiq-coolest-object-in-the-wired-office,1
/news/archive/2015-07/17/robot-builders-video,2
/news/archive/2015-07/17/robot-builders-video,1
/magazine/archive/2015/07/start/mast-brothers,2
/magazine/archive/2015/07/start/mast-brothers,1
/news/archive/2015-07/16/olafur-eliassons-berlin-studio-video,2
/news/archive/2015-07/16/olafur-eliassons-berlin-studio-video,1
/news/archive/2015-07/17/chainsaw-video,2
/news/archive/2015-07/17/chainsaw-video,1
/news/archive/2015-07/17/deepmind-videos,2
/news/archive/2015-07/17/deepmind-videos,1
/news/archive/2015-07/17/racing-simulator-video,2
/news/archive/2015-07/17/racing-simulator-video,1
/news/archive/2015-06/22/e3-video-round-up,2
/news/archive/2015-06/22/e3-video-round-up,1
/news/archive/2015-04/14/digital-general-election,2
/news/archive/2015-04/14/digital-general-election,1
/news/archive/2015-04/17/literal-death-star-discovered,2
/news/archive/2015-04/17/literal-death-star-discovered,1
/news/archive/2015-04/16/shadow-of-the-beast-video-screenshot-sony-digital-showcase,2
/news/archive/2015-04/16/shadow-of-the-beast-video-screenshot-sony-digital-showcase,1
/news,23
/reviews,25
/magazine,36
/podcast,23
#,12
http://arstechnica.co.uk,24
http://www.bridesmagazine.co.uk/,24
http://www.condenastcollege.co.uk/,24
http://www.johansens.com/,24
http://www.cntraveller.com/,24
http://www.glamourmagazine.co.uk/,24
http://www.gq-magazine.co.uk/,24
http://www.houseandgarden.co.uk/,24
http://www.thelovemagazine.co.uk/,24
http://www.tatler.co.uk/,24
http://www.vanityfair.co.uk/,24
http://www.vogue.co.uk/,24
http://www.worldofinteriors.co.uk/,24
http://www.wired.com/?us_site=y,24
http://www.wired.it/,24
http://wired.tw/,24
http://www.wired.de/,24
http://www.wired.jp/,24
http://www.condenast.co.uk/,12
http://www.condenast.co.uk/privacy/,35
http://www.condenast.co.uk/terms/,35
/wired-insider/contact-us,36
http://arstechnica.co.uk,23
http://www.bridesmagazine.co.uk/,23
http://www.condenastcollege.co.uk/,23
http://www.johansens.com/,23
http://www.cntraveller.com/,23
http://www.glamourmagazine.co.uk/,23
http://www.gq-magazine.co.uk/,23
http://www.houseandgarden.co.uk/,23
http://www.thelovemagazine.co.uk/,23
http://www.tatler.co.uk/,23
http://www.vanityfair.co.uk/,23
http://www.vogue.co.uk/,23
http://www.worldofinteriors.co.uk/,23
http://www.wired.com/?us_site=y,23
http://www.wired.it/,23
http://wired.tw/,23
http://www.wired.de/,23
http://www.wired.jp/,23
http://www.condenast.co.uk/privacy/,34
http://www.condenast.co.uk/terms/,34
/wired-insider/contact-us,35
/,12
/news,22
/reviews,24
/magazine,35
/podcast,22
http://www.wiredevent.co.uk/wired-health-2016,11
http://www.wired.co.uk/wired-video,11
http://www.wired.co.uk/wired-awake,11
http://www.wired.co.uk/newsletter,11
/wired-consulting,11
/wired-insider,11
/newsletter,12
/rss,11
/podcast/rss,11
/magazine,34
http://twitter.com/wireduk,12
http://www.google.com/+WiredUK,11
http://www.facebook.com/wireduk,11
http://wireduk.tumblr.com/,11
http://www.condenast.co.uk/privacy/,33
http://www.condenast.co.uk/terms/,33
/wired-insider/contact-us,34
http://www.wired.co.uk/subscriptions,17
/news/archive/2016-03/18/wired-awake-18-march,4
/news/archive/2016-03/18/wired-awake-18-march,3
/news/archive/2016-03/17/wired-awake-17-march,2
/news/archive/2016-03/17/wired-awake-17-march,1
/news/archive/2016-03/16/wired-awake-16-march,2
/news/archive/2016-03/16/wired-awake-16-march,1
/news/archive/2016-03/15/wired-awake-15-march,2
/news/archive/2016-03/15/wired-awake-15-march,1
/news/archive/2016-03/14/wired-awake-14-march,2
/news/archive/2016-03/14/wired-awake-14-march,1
/news/archive/2016-03/11/wired-awake-11-march,2
/news/archive/2016-03/11/wired-awake-11-march,1
/news/archive/2016-03/10/wired-awake-10-march,2
/news/archive/2016-03/10/wired-awake-10-march,1
/news/archive/2016-03/09/wired-awake-9-march,2
/news/archive/2016-03/09/wired-awake-9-march,1
/news/archive/2016-03/08/wired-awake-8-march,2
/news/archive/2016-03/08/wired-awake-8-march,1
/news/archive/2016-03/07/wired-awake-7-march,2
/news/archive/2016-03/07/wired-awake-7-march,1
/news/archive/2016-03/04/wired-awake-4-march,2
/news/archive/2016-03/04/wired-awake-4-march,1
/news/archive/2016-03/03/wired-awake-3-march,2
/news/archive/2016-03/03/wired-awake-3-march,1
/news/archive/2016-03/02/wired-awake-2-march,2
/news/archive/2016-03/02/wired-awake-2-march,1
/news/archive/2016-03/01/wired-awake-1-march,2
/news/archive/2016-03/01/wired-awake-1-march,1
/news/archive/2016-02/29/wired-awake-29-feburary,2
/news/archive/2016-02/29/wired-awake-29-feburary,1
/news/archive/2016-02/26/wired-awake-26-feburary,2
/news/archive/2016-02/26/wired-awake-26-feburary,1
/news/archive/2016-02/25/wired-awake-25-feburary,2
/news/archive/2016-02/25/wired-awake-25-feburary,1
/news/archive/2016-02/24/wired-awake-24-feburary,2
/news/archive/2016-02/24/wired-awake-24-feburary,1
/news/archive/2016-02/23/wired-awake-23-feburary,2
/news/archive/2016-02/23/wired-awake-23-feburary,1
/news/archive/2016-02/22/wired-awake-22-feburary,2
/news/archive/2016-02/22/wired-awake-22-feburary,1
/news/archive/2016-02/19/wired-awake-19-feburary,2
/news/archive/2016-02/19/wired-awake-19-feburary,1
/news/archive/2016-02/18/wired-awake-18-feburary,2
/news/archive/2016-02/18/wired-awake-18-feburary,1
/news/archive/2016-02/17/wired-awake-17-feburary,2
/news/archive/2016-02/17/wired-awake-17-feburary,1
/news/archive/2016-02/16/wired-awake-16-feburary,2
/news/archive/2016-02/16/wired-awake-16-feburary,1
/news/archive/2016-02/15/wired-awake-15-feburary,2
/news/archive/2016-02/15/wired-awake-15-feburary,1
/news/archive/2016-02/12/wired-awake-12-feburary,2
/news/archive/2016-02/12/wired-awake-12-feburary,1
/news/archive/2016-02/11/wired-awake-11-feburary,2
/news/archive/2016-02/11/wired-awake-11-feburary,1
/news/archive/2016-02/10/wired-awake-10-feburary,2
/news/archive/2016-02/10/wired-awake-10-feburary,1
/news/archive/2016-02/09/wired-awake-9-feburary,2
/news/archive/2016-02/09/wired-awake-9-feburary,1
/news/archive/2016-02/08/wired-awake-8-feburary,2
/news/archive/2016-02/08/wired-awake-8-feburary,1
/news,21
/reviews,23
/magazine,33
/podcast,21
#,11
http://arstechnica.co.uk,22
http://www.bridesmagazine.co.uk/,22
http://www.condenastcollege.co.uk/,22
http://www.johansens.com/,22
http://www.cntraveller.com/,22
http://www.glamourmagazine.co.uk/,22
http://www.gq-magazine.co.uk/,22
http://www.houseandgarden.co.uk/,22
http://www.thelovemagazine.co.uk/,22
http://www.tatler.co.uk/,22
http://www.vanityfair.co.uk/,22
http://www.vogue.co.uk/,22
http://www.worldofinteriors.co.uk/,22
http://www.wired.com/?us_site=y,22
http://www.wired.it/,22
http://wired.tw/,22
http://www.wired.de/,22
http://www.wired.jp/,22
http://www.condenast.co.uk/,11
http://www.condenast.co.uk/privacy/,32
http://www.condenast.co.uk/terms/,32
/wired-insider/contact-us,33
http://arstechnica.co.uk,21
http://www.bridesmagazine.co.uk/,21
http://www.condenastcollege.co.uk/,21
http://www.johansens.com/,21
http://www.cntraveller.com/,21
http://www.glamourmagazine.co.uk/,21
http://www.gq-magazine.co.uk/,21
http://www.houseandgarden.co.uk/,21
http://www.thelovemagazine.co.uk/,21
http://www.tatler.co.uk/,21
http://www.vanityfair.co.uk/,21
http://www.vogue.co.uk/,21
http://www.worldofinteriors.co.uk/,21
http://www.wired.com/?us_site=y,21
http://www.wired.it/,21
http://wired.tw/,21
http://www.wired.de/,21
http://www.wired.jp/,21
http://www.condenast.co.uk/privacy/,31
http://www.condenast.co.uk/terms/,31
/wired-insider/contact-us,32
/,11
/,10
/topics,9
/news,20
/reviews,22
/magazine,32
/podcast,20
http://www.wiredevent.co.uk/wired-health-2016,10
http://www.wired.co.uk/wired-video,10
http://www.wired.co.uk/wired-awake,10
http://www.wired.co.uk/newsletter,10
/wired-consulting,10
/wired-insider,10
/newsletter,11
/rss,10
/podcast/rss,10
/magazine,31
http://twitter.com/wireduk,11
http://www.google.com/+WiredUK,10
http://www.facebook.com/wireduk,10
http://wireduk.tumblr.com/,10
http://www.condenast.co.uk/privacy/,30
http://www.condenast.co.uk/terms/,30
/wired-insider/contact-us,31
http://www.wired.co.uk/subscriptions,16
http://www.wired.co.uk/subscriptions,15
/newsletter,10
"javascript:__doPostBack('ctl00$ctl00$ctl00$MainContent$MainContent$SubmitButton','')",1
None,1
/business,1
/news/archive/2013-02/01/regretsy-closure,1
/science,1
/news/archive/2012-11/29/bloop-mystery-not-solved-sort-of,2
/google,1
/magazine/archive/2012/05/start/want-to-work-at-google,1
http://www.wired.co.uk/news,2
/news/archive/2012-10/11/universe-computer-simulation,1
/news/archive/2013-03/19/exynos-5-octa,1
/news/archive/2012-10/05/boosting-facebook-like-stats,1
/news/archive/2010-03/24/spyparty-is-ultimate-mind-game,1
/news/archive/2011-11/23/minecraft-careers,1
/news/archive/2013-01/31/grand-theft-auto-v-release-date-announced,1
/news/archive/2012-11/29/bloop-mystery-not-solved-sort-of,1
/news/archive/2012-11/08/halo-4-tips,1
http://www.wired.co.uk/news,1
/magazine,30
/magazine/archive/2016/04/features/ingdan-internet-of-things-ecosystem-business-connecting,1
/magazine/archive/2016/04/features/hax-hardware-accelerator-china,1
/magazine/archive/2016/04/features/deepglint-surveillance-cctv-real-world-searchable,1
/magazine/archive/2016/04/features/tujia-china-home-sharing-app-airbnb,1
/magazine/archive/2016/04/features/little-red-book-xiaohongshu-crowdsourced-shopping-app,1
/magazine,29
#WiredTwitter,1
http://twitter.com/wireduk,10
http://facebook.com/wireduk,1
/reviews,21
/reviews/best-iphone-ipad-apps,1
/reviews/drones/dji-phantom-4-drone-4k-camera-review,1
/reviews/laptops/2016-03/microsoft-surface-book-review,1
/reviews/tablets/2015-12/google-pixel-c-review,1
/reviews/mobile-phones/2015-12/sony-xperia-z5-compact-review,1
/reviews/tablets/2015-11/microsoft-surface-pro-4-review,1
/reviews,20
/news,19
/reviews,19
/magazine,28
/podcast,19
#,10
http://arstechnica.co.uk,20
http://www.bridesmagazine.co.uk/,20
http://www.condenastcollege.co.uk/,20
http://www.johansens.com/,20
http://www.cntraveller.com/,20
http://www.glamourmagazine.co.uk/,20
http://www.gq-magazine.co.uk/,20
http://www.houseandgarden.co.uk/,20
http://www.thelovemagazine.co.uk/,20
http://www.tatler.co.uk/,20
http://www.vanityfair.co.uk/,20
http://www.vogue.co.uk/,20
http://www.worldofinteriors.co.uk/,20
http://www.wired.com/?us_site=y,20
http://www.wired.it/,20
http://wired.tw/,20
http://www.wired.de/,20
http://www.wired.jp/,20
http://www.condenast.co.uk/,10
http://www.condenast.co.uk/privacy/,29
http://www.condenast.co.uk/terms/,29
/wired-insider/contact-us,30
http://arstechnica.co.uk,19
http://www.bridesmagazine.co.uk/,19
http://www.condenastcollege.co.uk/,19
http://www.johansens.com/,19
http://www.cntraveller.com/,19
http://www.glamourmagazine.co.uk/,19
http://www.gq-magazine.co.uk/,19
http://www.houseandgarden.co.uk/,19
http://www.thelovemagazine.co.uk/,19
http://www.tatler.co.uk/,19
http://www.vanityfair.co.uk/,19
http://www.vogue.co.uk/,19
http://www.worldofinteriors.co.uk/,19
http://www.wired.com/?us_site=y,19
http://www.wired.it/,19
http://wired.tw/,19
http://www.wired.de/,19
http://www.wired.jp/,19
http://www.condenast.co.uk/privacy/,28
http://www.condenast.co.uk/terms/,28
/wired-insider/contact-us,29
/,9
/topics,8
/news,18
/reviews,18
/magazine,27
/podcast,18
http://www.wiredevent.co.uk/wired-health-2016,9
http://www.wired.co.uk/wired-video,9
http://www.wired.co.uk/wired-awake,9
http://www.wired.co.uk/newsletter,9
/wired-consulting,9
/wired-insider,9
/newsletter,9
/rss,9
/podcast/rss,9
/magazine,26
http://twitter.com/wireduk,9
http://www.google.com/+WiredUK,9
http://www.facebook.com/wireduk,9
http://wireduk.tumblr.com/,9
http://www.condenast.co.uk/privacy/,27
http://www.condenast.co.uk/terms/,27
/wired-insider/contact-us,28
mailto:consulting@wired.co.uk,1
/news,17
/reviews,17
/magazine,25
/podcast,17
#,9
http://arstechnica.co.uk,18
http://www.bridesmagazine.co.uk/,18
http://www.condenastcollege.co.uk/,18
http://www.johansens.com/,18
http://www.cntraveller.com/,18
http://www.glamourmagazine.co.uk/,18
http://www.gq-magazine.co.uk/,18
http://www.houseandgarden.co.uk/,18
http://www.thelovemagazine.co.uk/,18
http://www.tatler.co.uk/,18
http://www.vanityfair.co.uk/,18
http://www.vogue.co.uk/,18
http://www.worldofinteriors.co.uk/,18
http://www.wired.com/?us_site=y,18
http://www.wired.it/,18
http://wired.tw/,18
http://www.wired.de/,18
http://www.wired.jp/,18
http://www.condenast.co.uk/,9
http://www.condenast.co.uk/privacy/,26
http://www.condenast.co.uk/terms/,26
/wired-insider/contact-us,27
http://arstechnica.co.uk,17
http://www.bridesmagazine.co.uk/,17
http://www.condenastcollege.co.uk/,17
http://www.johansens.com/,17
http://www.cntraveller.com/,17
http://www.glamourmagazine.co.uk/,17
http://www.gq-magazine.co.uk/,17
http://www.houseandgarden.co.uk/,17
http://www.thelovemagazine.co.uk/,17
http://www.tatler.co.uk/,17
http://www.vanityfair.co.uk/,17
http://www.vogue.co.uk/,17
http://www.worldofinteriors.co.uk/,17
http://www.wired.com/?us_site=y,17
http://www.wired.it/,17
http://wired.tw/,17
http://www.wired.de/,17
http://www.wired.jp/,17
http://www.condenast.co.uk/privacy/,25
http://www.condenast.co.uk/terms/,25
/wired-insider/contact-us,26
/,8
/wired-insider/about-us,1
/wired-insider/contact-us,25
/wired-insider/jobs-at-wired,3
/wired-insider/magazine-interns,1
/wired-insider/contributor-guidelines,3
/news,16
/reviews,16
/magazine,24
/podcast,16
http://www.wiredevent.co.uk/wired-health-2016,8
http://www.wired.co.uk/wired-video,8
http://www.wired.co.uk/wired-awake,8
http://www.wired.co.uk/newsletter,8
/wired-consulting,8
/wired-insider,8
/newsletter,8
/rss,8
/podcast/rss,8
/magazine,23
http://twitter.com/wireduk,8
http://www.google.com/+WiredUK,8
http://www.facebook.com/wireduk,8
http://wireduk.tumblr.com/,8
http://www.condenast.co.uk/privacy/,24
http://www.condenast.co.uk/terms/,24
/wired-insider/contact-us,24
http://www.wired.co.uk/subscriptions,14
/wired-insider/2016/kano-(1),2
/wired-insider/2016/kano-(1),1
/wired-insider/2016/bamboo-spark,2
/wired-insider/2016/bamboo-spark,1
/wired-insider/contributor-guidelines,2
/wired-insider/contributor-guidelines,1
/wired-insider/2016/tech-innovators-to-pitch-to-mayor-of-london,2
/wired-insider/2016/tech-innovators-to-pitch-to-mayor-of-london,1
/wired-insider/2016/nils-leonard--grey,2
/wired-insider/2016/nils-leonard--grey,1
/wired-insider/2016/propercorn-the-people-behind-the-brand,2
/wired-insider/2016/propercorn-the-people-behind-the-brand,1
/wired-insider/2016/lucy-mcrae,2
/wired-insider/2016/lucy-mcrae,1
/wired-insider/2016/ukaif-2016,2
/wired-insider/2016/ukaif-2016,1
/wired-insider/2015/telefonica-tech-for-good,2
/wired-insider/2015/telefonica-tech-for-good,1
/wired-insider/2015/ai-weiwei-competition,2
/wired-insider/2015/ai-weiwei-competition,1
/wired-insider/2015/hyundai-street-car,2
/wired-insider/2015/hyundai-street-car,1
/wired-insider/2015/drayson-technologies,2
/wired-insider/2015/drayson-technologies,1
/wired-insider/2015/healthcare-healthkick,2
/wired-insider/2015/healthcare-healthkick,1
/wired-insider/2015/gore,2
/wired-insider/2015/gore,1
/wired-insider/2015/tissot-competition,2
/wired-insider/2015/tissot-competition,1
/wired-insider/2015/goodyear-hack,2
/wired-insider/2015/goodyear-hack,1
/wired-insider/2015/bbva-summer-spending-spain,2
/wired-insider/2015/bbva-summer-spending-spain,1
/wired-insider/2015/gore-terms-and-conditions,2
/wired-insider/2015/gore-terms-and-conditions,1
/wired-insider/2015/august-top-4,2
/wired-insider/2015/august-top-4,1
/wired-insider/2015/bbva-open-talent-goes-global,2
/wired-insider/2015/bbva-open-talent-goes-global,1
/wired-insider/jobs-at-wired,2
/wired-insider/jobs-at-wired,1
/wired-insider/2015/karen-appleton,2
/wired-insider/2015/karen-appleton,1
/wired-insider/acting-deputy-editor-job,2
/wired-insider/acting-deputy-editor-job,1
/wired-insider/associate-editor-job-wired-magazine,2
/wired-insider/associate-editor-job-wired-magazine,1
/wired-insider/2015/dhl,2
/wired-insider/2015/dhl,1
/wired-insider/2015/investec,2
/wired-insider/2015/investec,1
/wired-insider/2015/elie-bernheim,2
/wired-insider/2015/elie-bernheim,1
/wired-insider/2015/ardbeg,2
/wired-insider/2015/ardbeg,1
/wired-insider/2015/house-of-peroni,2
/wired-insider/2015/house-of-peroni,1
/wired-insider/2015/bremont,2
/wired-insider/2015/bremont,1
/news,15
/reviews,15
/magazine,22
/podcast,15
#,8
http://arstechnica.co.uk,16
http://www.bridesmagazine.co.uk/,16
http://www.condenastcollege.co.uk/,16
http://www.johansens.com/,16
http://www.cntraveller.com/,16
http://www.glamourmagazine.co.uk/,16
http://www.gq-magazine.co.uk/,16
http://www.houseandgarden.co.uk/,16
http://www.thelovemagazine.co.uk/,16
http://www.tatler.co.uk/,16
http://www.vanityfair.co.uk/,16
http://www.vogue.co.uk/,16
http://www.worldofinteriors.co.uk/,16
http://www.wired.com/?us_site=y,16
http://www.wired.it/,16
http://wired.tw/,16
http://www.wired.de/,16
http://www.wired.jp/,16
http://www.condenast.co.uk/,8
http://www.condenast.co.uk/privacy/,23
http://www.condenast.co.uk/terms/,23
/wired-insider/contact-us,23
http://arstechnica.co.uk,15
http://www.bridesmagazine.co.uk/,15
http://www.condenastcollege.co.uk/,15
http://www.johansens.com/,15
http://www.cntraveller.com/,15
http://www.glamourmagazine.co.uk/,15
http://www.gq-magazine.co.uk/,15
http://www.houseandgarden.co.uk/,15
http://www.thelovemagazine.co.uk/,15
http://www.tatler.co.uk/,15
http://www.vanityfair.co.uk/,15
http://www.vogue.co.uk/,15
http://www.worldofinteriors.co.uk/,15
http://www.wired.com/?us_site=y,15
http://www.wired.it/,15
http://wired.tw/,15
http://www.wired.de/,15
http://www.wired.jp/,15
http://www.condenast.co.uk/privacy/,22
http://www.condenast.co.uk/terms/,22
/wired-insider/contact-us,22
/,7
/topics,7
/news,14
/reviews,14
/magazine,21
/podcast,14
http://www.wiredevent.co.uk/wired-health-2016,7
http://www.wired.co.uk/wired-video,7
http://www.wired.co.uk/wired-awake,7
http://www.wired.co.uk/newsletter,7
/wired-consulting,7
/wired-insider,7
/newsletter,7
/rss,7
/podcast/rss,7
/magazine,20
http://twitter.com/wireduk,7
http://www.google.com/+WiredUK,7
http://www.facebook.com/wireduk,7
http://wireduk.tumblr.com/,7
http://www.condenast.co.uk/privacy/,21
http://www.condenast.co.uk/terms/,21
/wired-insider/contact-us,21
http://www.wired.co.uk/subscriptions,13
http://www.wired.co.uk/subscriptions,12
/search/author/Wired,1
http://www.magazineboutique.co.uk/youraccount/,7
http://www.magazineboutique.co.uk/youraccount/,6
http://www.magazineboutique.co.uk/youraccount/,5
http://www.magazineboutique.co.uk/youraccount/,4
http://www.magazineboutique.co.uk/youraccount/,3
http://www.magazineboutique.co.uk/youraccount/,2
http://www.magazineboutique.co.uk/youraccount/,1
mailto:Wired@subscription.co.uk,1
http://www.condenast.co.uk/faq_wd,1
mailto:WiredDigital@subscription.co.uk,1
mailto:CustomerCare@condenast.co.uk,1
mailto:sheena.chandnani@condenast.co.uk,1
mailto:OnlineAdvertisingQueries@condenast.co.uk,2
mailto:OnlineAdvertisingQueries@condenast.co.uk,1
http://digital-assets.condenast.co.uk.s3.amazonaws.com/static/mediapack/wired_media_pack_latest.pdf,1
http://digital-assets.condenast.co.uk.s3.amazonaws.com/static/condenast/H%26G%20Media%20Pack%20April2015V1.pdf,1
mailto:editorial@wired.co.uk,1
mailto:wiredonlineuk@condenast.co.uk,1
mailto:tips@wired.co.uk,1
mailto:podcast@wired.co.uk,1
mailto:rants@wired.co.uk,1
mailto:pr@wired.co.uk,1
mailto:complaints@condenast.co.uk,1
https://www.ipso.co.uk/IPSO/cop.html,1
/news/archive/2016-03/18/panasonic-robot-suit-exoskeleton,6
/exoskeletons,5
/news/archive/2016-03/18/panasonic-robot-suit-exoskeleton,5
/news,13
/reviews,13
/magazine,19
/podcast,13
#,7
http://arstechnica.co.uk,14
http://www.bridesmagazine.co.uk/,14
http://www.condenastcollege.co.uk/,14
http://www.johansens.com/,14
http://www.cntraveller.com/,14
http://www.glamourmagazine.co.uk/,14
http://www.gq-magazine.co.uk/,14
http://www.houseandgarden.co.uk/,14
http://www.thelovemagazine.co.uk/,14
http://www.tatler.co.uk/,14
http://www.vanityfair.co.uk/,14
http://www.vogue.co.uk/,14
http://www.worldofinteriors.co.uk/,14
http://www.wired.com/?us_site=y,14
http://www.wired.it/,14
http://wired.tw/,14
http://www.wired.de/,14
http://www.wired.jp/,14
http://www.condenast.co.uk/,7
http://www.condenast.co.uk/privacy/,20
http://www.condenast.co.uk/terms/,20
/wired-insider/contact-us,20
http://arstechnica.co.uk,13
http://www.bridesmagazine.co.uk/,13
http://www.condenastcollege.co.uk/,13
http://www.johansens.com/,13
http://www.cntraveller.com/,13
http://www.glamourmagazine.co.uk/,13
http://www.gq-magazine.co.uk/,13
http://www.houseandgarden.co.uk/,13
http://www.thelovemagazine.co.uk/,13
http://www.tatler.co.uk/,13
http://www.vanityfair.co.uk/,13
http://www.vogue.co.uk/,13
http://www.worldofinteriors.co.uk/,13
http://www.wired.com/?us_site=y,13
http://www.wired.it/,13
http://wired.tw/,13
http://www.wired.de/,13
http://www.wired.jp/,13
http://www.condenast.co.uk/privacy/,19
http://www.condenast.co.uk/terms/,19
/wired-insider/contact-us,19
/,6
/topics,6
/news,12
/reviews,12
/magazine,18
/podcast,12
http://www.wiredevent.co.uk/wired-health-2016,6
http://www.wired.co.uk/wired-video,6
http://www.wired.co.uk/wired-awake,6
http://www.wired.co.uk/newsletter,6
/wired-consulting,6
/wired-insider,6
/newsletter,6
/rss,6
/podcast/rss,6
/magazine,17
http://twitter.com/wireduk,6
http://www.google.com/+WiredUK,6
http://www.facebook.com/wireduk,6
http://wireduk.tumblr.com/,6
http://www.condenast.co.uk/privacy/,18
http://www.condenast.co.uk/terms/,18
/wired-insider/contact-us,18
https://secure.magazineboutique.co.uk/checkout/CNDE/checkout?PUBL=CNDE&PUBC=WIR&PROM=2WR15236&COUNTRY=GBR,1
https://itunes.apple.com/app/apple-store/id400701660?pt=363170&ct=SubsDLP00&mt=8,1
http://www.amazon.co.uk/Conde-Nast-UK-Wired-Magazine/dp/B00B1EGH10/,1
https://play.google.com/store/newsstand/details/WIRED_Magazine_UK?id=CAowltSkAQ&hl=en_GB,1
/news,11
/reviews,11
/magazine,16
/podcast,11
#,6
http://arstechnica.co.uk,12
http://www.bridesmagazine.co.uk/,12
http://www.condenastcollege.co.uk/,12
http://www.johansens.com/,12
http://www.cntraveller.com/,12
http://www.glamourmagazine.co.uk/,12
http://www.gq-magazine.co.uk/,12
http://www.houseandgarden.co.uk/,12
http://www.thelovemagazine.co.uk/,12
http://www.tatler.co.uk/,12
http://www.vanityfair.co.uk/,12
http://www.vogue.co.uk/,12
http://www.worldofinteriors.co.uk/,12
http://www.wired.com/?us_site=y,12
http://www.wired.it/,12
http://wired.tw/,12
http://www.wired.de/,12
http://www.wired.jp/,12
http://www.condenast.co.uk/,6
http://www.condenast.co.uk/privacy/,17
http://www.condenast.co.uk/terms/,17
/wired-insider/contact-us,17
http://arstechnica.co.uk,11
http://www.bridesmagazine.co.uk/,11
http://www.condenastcollege.co.uk/,11
http://www.johansens.com/,11
http://www.cntraveller.com/,11
http://www.glamourmagazine.co.uk/,11
http://www.gq-magazine.co.uk/,11
http://www.houseandgarden.co.uk/,11
http://www.thelovemagazine.co.uk/,11
http://www.tatler.co.uk/,11
http://www.vanityfair.co.uk/,11
http://www.vogue.co.uk/,11
http://www.worldofinteriors.co.uk/,11
http://www.wired.com/?us_site=y,11
http://www.wired.it/,11
http://wired.tw/,11
http://www.wired.de/,11
http://www.wired.jp/,11
http://www.condenast.co.uk/privacy/,16
http://www.condenast.co.uk/terms/,16
/wired-insider/contact-us,16
/,5
/topics,5
/news,10
/reviews,10
/magazine,15
/podcast,10
http://www.wiredevent.co.uk/wired-health-2016,5
http://www.wired.co.uk/wired-video,5
http://www.wired.co.uk/wired-awake,5
http://www.wired.co.uk/newsletter,5
/wired-consulting,5
/wired-insider,5
/newsletter,5
/rss,5
/podcast/rss,5
/magazine,14
http://twitter.com/wireduk,5
http://www.google.com/+WiredUK,5
http://www.facebook.com/wireduk,5
http://wireduk.tumblr.com/,5
http://www.condenast.co.uk/privacy/,15
http://www.condenast.co.uk/terms/,15
/wired-insider/contact-us,15
http://www.wired.co.uk/subscriptions,11
http://www.wired.co.uk/subscriptions,10
/exoskeletons,4
/search/author/Matt+Burgess,1
/robotics,2
/news/archive/2016-03/18/panasonic-robot-suit-exoskeleton/viewgallery/626879,1
/panasonic,1
http://www.ibtimes.co.uk/panasonic-mass-produce-alien-style-robot-exoskeleton-suit-help-workers-heavy-lifting-1509593,1
/exoskeletons,3
http://www.wired.co.uk/news/archive/2014-09/12/darpa-soft-exoskeleton,1
http://www.wired.co.uk/news/archive/2014-06/11/world-cup-exoskeleton,1
http://www.wired.co.uk/news/archive/2015-04/02/carbon-fibre-ankle-exoskeleton,1
/news/archive/2016-03/18/panasonic-robot-suit-exoskeleton/viewgallery/626880,1
/news/archive/2016-03/17/google-selling-boston-dynamics,2
/news/archive/2016-03/17/google-selling-boston-dynamics,1
http://www.businesswire.com/news/home/20160317005452/en/Panasonic-Develops-Assist-Robots,1
/news/archive/2016-03/18/wired-awake-18-march,2
/wired-awake,2
/news/archive/2016-03/18/wired-awake-18-march,1
/news,9
/reviews,9
/magazine,13
/podcast,9
#,5
http://arstechnica.co.uk,10
http://www.bridesmagazine.co.uk/,10
http://www.condenastcollege.co.uk/,10
http://www.johansens.com/,10
http://www.cntraveller.com/,10
http://www.glamourmagazine.co.uk/,10
http://www.gq-magazine.co.uk/,10
http://www.houseandgarden.co.uk/,10
http://www.thelovemagazine.co.uk/,10
http://www.tatler.co.uk/,10
http://www.vanityfair.co.uk/,10
http://www.vogue.co.uk/,10
http://www.worldofinteriors.co.uk/,10
http://www.wired.com/?us_site=y,10
http://www.wired.it/,10
http://wired.tw/,10
http://www.wired.de/,10
http://www.wired.jp/,10
http://www.condenast.co.uk/,5
http://www.condenast.co.uk/privacy/,14
http://www.condenast.co.uk/terms/,14
/wired-insider/contact-us,14
http://arstechnica.co.uk,9
http://www.bridesmagazine.co.uk/,9
http://www.condenastcollege.co.uk/,9
http://www.johansens.com/,9
http://www.cntraveller.com/,9
http://www.glamourmagazine.co.uk/,9
http://www.gq-magazine.co.uk/,9
http://www.houseandgarden.co.uk/,9
http://www.thelovemagazine.co.uk/,9
http://www.tatler.co.uk/,9
http://www.vanityfair.co.uk/,9
http://www.vogue.co.uk/,9
http://www.worldofinteriors.co.uk/,9
http://www.wired.com/?us_site=y,9
http://www.wired.it/,9
http://wired.tw/,9
http://www.wired.de/,9
http://www.wired.jp/,9
http://www.condenast.co.uk/privacy/,13
http://www.condenast.co.uk/terms/,13
/wired-insider/contact-us,13
/,4
/topics,4
/news,8
/reviews,8
/magazine,12
/podcast,8
http://www.wiredevent.co.uk/wired-health-2016,4
http://www.wired.co.uk/wired-video,4
http://www.wired.co.uk/wired-awake,4
http://www.wired.co.uk/newsletter,4
/wired-consulting,4
/wired-insider,4
/newsletter,4
/rss,4
/podcast/rss,4
/magazine,11
http://twitter.com/wireduk,4
http://www.google.com/+WiredUK,4
http://www.facebook.com/wireduk,4
http://wireduk.tumblr.com/,4
http://www.condenast.co.uk/privacy/,12
http://www.condenast.co.uk/terms/,12
/wired-insider/contact-us,12
http://www.wired.co.uk/subscriptions,9
http://www.wired.co.uk/subscriptions,8
/pluto,2
/search/author/K.G+Orphanides,1
/news/archive/2016-03/18/pluto-what-we-know-new-studies-nasa-new-horizons/viewgallery/541473,1
http://science.sciencemag.org/search/pluto%20limit_from%3A2016-03-18%20limit_to%3A2016-03-18%20numresults%3A10%20sort%3Apublication-date%20direction%3Adescending%20format_result%3Astandard,2
/pluto,1
/pluto-moons,1
/new-horizons,1
http://www.nasa.gov/feature/science-papers-reveal-new-aspects-of-pluto-and-its-moons,3
/news/archive/2016-03/18/pluto-what-we-know-new-studies-nasa-new-horizons/viewgallery/623158,1
http://www.nasa.gov/feature/top-new-horizons-findings-reported-in-science,2
/charon,1
http://science.sciencemag.org/content/351/6279/aad9189,1
/news/archive/2016-03/18/pluto-what-we-know-new-studies-nasa-new-horizons/viewgallery/540974,1
http://science.sciencemag.org/content/351/6279/aad9045,1
/news/archive/2016-03/18/pluto-what-we-know-new-studies-nasa-new-horizons/viewgallery/478544,1
/news/archive/2015-10/23/pluto-smallest-moon-kerberos,2
/news/archive/2015-10/23/pluto-smallest-moon-kerberos,1
/news/archive/2016-03/16/nasa-fire-in-space-iss,2
/nasa,1
/news/archive/2016-03/16/nasa-fire-in-space-iss,1
/news,7
/reviews,7
/magazine,10
/podcast,7
#,4
http://arstechnica.co.uk,8
http://www.bridesmagazine.co.uk/,8
http://www.condenastcollege.co.uk/,8
http://www.johansens.com/,8
http://www.cntraveller.com/,8
http://www.glamourmagazine.co.uk/,8
http://www.gq-magazine.co.uk/,8
http://www.houseandgarden.co.uk/,8
http://www.thelovemagazine.co.uk/,8
http://www.tatler.co.uk/,8
http://www.vanityfair.co.uk/,8
http://www.vogue.co.uk/,8
http://www.worldofinteriors.co.uk/,8
http://www.wired.com/?us_site=y,8
http://www.wired.it/,8
http://wired.tw/,8
http://www.wired.de/,8
http://www.wired.jp/,8
http://www.condenast.co.uk/,4
http://www.condenast.co.uk/privacy/,11
http://www.condenast.co.uk/terms/,11
/wired-insider/contact-us,11
http://arstechnica.co.uk,7
http://www.bridesmagazine.co.uk/,7
http://www.condenastcollege.co.uk/,7
http://www.johansens.com/,7
http://www.cntraveller.com/,7
http://www.glamourmagazine.co.uk/,7
http://www.gq-magazine.co.uk/,7
http://www.houseandgarden.co.uk/,7
http://www.thelovemagazine.co.uk/,7
http://www.tatler.co.uk/,7
http://www.vanityfair.co.uk/,7
http://www.vogue.co.uk/,7
http://www.worldofinteriors.co.uk/,7
http://www.wired.com/?us_site=y,7
http://www.wired.it/,7
http://wired.tw/,7
http://www.wired.de/,7
http://www.wired.jp/,7
http://www.condenast.co.uk/privacy/,10
http://www.condenast.co.uk/terms/,10
/wired-insider/contact-us,10
/,3
/topics,3
/news,6
/reviews,6
/magazine,9
/podcast,6
http://www.wiredevent.co.uk/wired-health-2016,3
http://www.wired.co.uk/wired-video,3
http://www.wired.co.uk/wired-awake,3
http://www.wired.co.uk/newsletter,3
/wired-consulting,3
/wired-insider,3
/newsletter,3
/rss,3
/podcast/rss,3
/magazine,8
http://twitter.com/wireduk,3
http://www.google.com/+WiredUK,3
http://www.facebook.com/wireduk,3
http://wireduk.tumblr.com/,3
http://www.condenast.co.uk/privacy/,9
http://www.condenast.co.uk/terms/,9
/wired-insider/contact-us,9
http://www.wired.co.uk/subscriptions,7
http://www.wired.co.uk/subscriptions,6
/wired-awake,1
/search/author/WIRED.co.uk,1
/news/archive/2016-03/18/wired-awake-18-march/viewgallery/478424,1
http://www.wired.co.uk/,2
http://condenast.msgfocus.com/condenast/wired/awakesignup/index.html,1
http://www.nasa.gov/feature/science-papers-reveal-new-aspects-of-pluto-and-its-moons,2
http://science.sciencemag.org/search/pluto%20limit_from%3A2016-03-18%20limit_to%3A2016-03-18%20numresults%3A10%20sort%3Apublication-date%20direction%3Adescending%20format_result%3Astandard,1
http://www.nasa.gov/feature/science-papers-reveal-new-aspects-of-pluto-and-its-moons,1
http://www.nasa.gov/feature/top-new-horizons-findings-reported-in-science,1
http://www.wired.com/2016/03/government-error-just-revealed-snowden-target-lavabit-case/,2
http://www.wired.com/2016/03/government-error-just-revealed-snowden-target-lavabit-case/,1
http://www.wired.co.uk/news/archive/2016-03/17/google-selling-boston-dynamics,2
http://www.wired.co.uk/news/archive/2016-03/17/google-selling-boston-dynamics,1
http://arstechnica.com/science/2016/03/two-new-studies-undermine-over-simplistic-models-of-human-evolution/,2
http://arstechnica.com/science/2016/03/two-new-studies-undermine-over-simplistic-models-of-human-evolution/,1
http://venturebeat.com/2016/03/17/kickstarters-first-acquisition-music-fan-community-drip-snapped-up-1-day-before-closure/,2
https://drip.com/,1
http://venturebeat.com/2016/03/17/kickstarters-first-acquisition-music-fan-community-drip-snapped-up-1-day-before-closure/,1
https://www.kickstarter.com/blog/drip-joins-kickstarter,1
http://www.cnet.com/news/twitter-to-close-the-door-on-its-windows-tweetdeck-app/,2
https://tweetdeck.twitter.com/,1
http://www.cnet.com/news/twitter-to-close-the-door-on-its-windows-tweetdeck-app/,1
http://www.popsci.com/neuron-networks-grown-outside-body-could-treat-parkinsons-alzheimers,2
http://www.nature.com/ncomms/2016/160317/ncomms10862/full/ncomms10862.html,1
http://www.popsci.com/neuron-networks-grown-outside-body-could-treat-parkinsons-alzheimers,1
http://www.theverge.com/2016/3/17/11253810/panasonic-assist-suit-ninja-exoskeleton-video,2
http://www.theverge.com/2016/3/17/11253810/panasonic-assist-suit-ninja-exoskeleton-video,1
http://gizmodo.com/this-clump-of-dust-might-actually-be-a-planet-in-the-pr-1765481855,2
http://gizmodo.com/this-clump-of-dust-might-actually-be-a-planet-in-the-pr-1765481855,1
http://www.independent.co.uk/arts-entertainment/films/whatismymovie-website-uses-intelligent-search-technology-to-find-films-a6936651.html,2
http://www.whatismymovie.com/,1
http://www.independent.co.uk/arts-entertainment/films/whatismymovie-website-uses-intelligent-search-technology-to-find-films-a6936651.html,1
http://www.wired.co.uk/,1
http://www.wired.co.uk/news/archive/2016-03/18/nokia-ozo-360-vr-camera-release-date-price,1
http://www.wired.co.uk/magazine,1
http://www.wired.co.uk/subscriptions,5
http://wired.uk/6cEeNy,1
http://www.wired.co.uk/podcast/episode-258,2
http://www.wired.co.uk/podcast/episode-258,1
http://feeds.feedburner.com/wiredlivepodcast,1
http://itunes.apple.com/gb/podcast/the-wired.co.uk-podcast/id404893471,1
https://www.facebook.com/WiredUK,1
https://instagram.com/wireduk/,1
https://twitter.com/wireduk,1
https://www.youtube.com/wireduk,1
/news/archive/2016-03/18/panasonic-robot-suit-exoskeleton,4
/exoskeletons,2
/news/archive/2016-03/18/panasonic-robot-suit-exoskeleton,3
/news,5
/reviews,5
/magazine,7
/podcast,5
#,3
http://arstechnica.co.uk,6
http://www.bridesmagazine.co.uk/,6
http://www.condenastcollege.co.uk/,6
http://www.johansens.com/,6
http://www.cntraveller.com/,6
http://www.glamourmagazine.co.uk/,6
http://www.gq-magazine.co.uk/,6
http://www.houseandgarden.co.uk/,6
http://www.thelovemagazine.co.uk/,6
http://www.tatler.co.uk/,6
http://www.vanityfair.co.uk/,6
http://www.vogue.co.uk/,6
http://www.worldofinteriors.co.uk/,6
http://www.wired.com/?us_site=y,6
http://www.wired.it/,6
http://wired.tw/,6
http://www.wired.de/,6
http://www.wired.jp/,6
http://www.condenast.co.uk/,3
http://www.condenast.co.uk/privacy/,8
http://www.condenast.co.uk/terms/,8
/wired-insider/contact-us,8
http://arstechnica.co.uk,5
http://www.bridesmagazine.co.uk/,5
http://www.condenastcollege.co.uk/,5
http://www.johansens.com/,5
http://www.cntraveller.com/,5
http://www.glamourmagazine.co.uk/,5
http://www.gq-magazine.co.uk/,5
http://www.houseandgarden.co.uk/,5
http://www.thelovemagazine.co.uk/,5
http://www.tatler.co.uk/,5
http://www.vanityfair.co.uk/,5
http://www.vogue.co.uk/,5
http://www.worldofinteriors.co.uk/,5
http://www.wired.com/?us_site=y,5
http://www.wired.it/,5
http://wired.tw/,5
http://www.wired.de/,5
http://www.wired.jp/,5
http://www.condenast.co.uk/privacy/,7
http://www.condenast.co.uk/terms/,7
/wired-insider/contact-us,7
/,2
/topics,2
/news,4
/reviews,4
/magazine,6
/podcast,4
http://www.wiredevent.co.uk/wired-health-2016,2
http://www.wired.co.uk/wired-video,2
http://www.wired.co.uk/wired-awake,2
http://www.wired.co.uk/newsletter,2
/wired-consulting,2
/wired-insider,2
/newsletter,2
/rss,2
/podcast/rss,2
/magazine,5
http://twitter.com/wireduk,2
http://www.google.com/+WiredUK,2
http://www.facebook.com/wireduk,2
http://wireduk.tumblr.com/,2
http://www.condenast.co.uk/privacy/,6
http://www.condenast.co.uk/terms/,6
/wired-insider/contact-us,6
http://www.wired.co.uk/subscriptions,4
http://www.wired.co.uk/subscriptions,3
/nokia,2
/search/author/Matthew+Reynolds,1
/news/archive/2016-03/18/nokia-ozo-360-vr-camera-release-date-price/viewgallery/626877,1
/nokia,1
https://ozo.nokia.com/,1
/news/archive/2016-03/17/steve-wozniak-criticises-apple-watch-reddit-ama,2
/news/archive/2016-03/17/steve-wozniak-criticises-apple-watch-reddit-ama,1
/virtual-reality,2
/samsung,1
/news/archive/2016-03/18/nokia-ozo-360-vr-camera-release-date-price/viewgallery/626876,1
http://www.nikonusa.com/en/nikon-products/action-cameras/index.page,1
https://gopro.com/odyssey,1
/news/archive/2016-03/17/sky-virtual-reality-formula-one-video-vr-facebook,2
/virtual-reality,1
/news/archive/2016-03/17/sky-virtual-reality-formula-one-video-vr-facebook,1
/news,3
/reviews,3
/magazine,4
/podcast,3
#,2
http://arstechnica.co.uk,4
http://www.bridesmagazine.co.uk/,4
http://www.condenastcollege.co.uk/,4
http://www.johansens.com/,4
http://www.cntraveller.com/,4
http://www.glamourmagazine.co.uk/,4
http://www.gq-magazine.co.uk/,4
http://www.houseandgarden.co.uk/,4
http://www.thelovemagazine.co.uk/,4
http://www.tatler.co.uk/,4
http://www.vanityfair.co.uk/,4
http://www.vogue.co.uk/,4
http://www.worldofinteriors.co.uk/,4
http://www.wired.com/?us_site=y,4
http://www.wired.it/,4
http://wired.tw/,4
http://www.wired.de/,4
http://www.wired.jp/,4
http://www.condenast.co.uk/,2
http://www.condenast.co.uk/privacy/,5
http://www.condenast.co.uk/terms/,5
/wired-insider/contact-us,5
http://arstechnica.co.uk,3
http://www.bridesmagazine.co.uk/,3
http://www.condenastcollege.co.uk/,3
http://www.johansens.com/,3
http://www.cntraveller.com/,3
http://www.glamourmagazine.co.uk/,3
http://www.gq-magazine.co.uk/,3
http://www.houseandgarden.co.uk/,3
http://www.thelovemagazine.co.uk/,3
http://www.tatler.co.uk/,3
http://www.vanityfair.co.uk/,3
http://www.vogue.co.uk/,3
http://www.worldofinteriors.co.uk/,3
http://www.wired.com/?us_site=y,3
http://www.wired.it/,3
http://wired.tw/,3
http://www.wired.de/,3
http://www.wired.jp/,3
http://www.condenast.co.uk/privacy/,4
http://www.condenast.co.uk/terms/,4
/wired-insider/contact-us,4
/,1
/topics,1
/news,2
/reviews,2
/magazine,3
/podcast,2
http://www.wiredevent.co.uk/wired-health-2016,1
http://www.wired.co.uk/wired-video,1
http://www.wired.co.uk/wired-awake,1
http://www.wired.co.uk/newsletter,1
/wired-consulting,1
/wired-insider,1
/newsletter,1
/rss,1
/podcast/rss,1
/magazine,2
http://twitter.com/wireduk,1
http://www.google.com/+WiredUK,1
http://www.facebook.com/wireduk,1
http://wireduk.tumblr.com/,1
http://www.condenast.co.uk/privacy/,3
http://www.condenast.co.uk/terms/,3
/wired-insider/contact-us,3
http://www.wired.co.uk/subscriptions,2
http://www.wired.co.uk/subscriptions,1
/robotics,1
/search/author/Emily+Reynolds,1
/news/archive/2016-03/17/google-selling-boston-dynamics/viewgallery/336782,1
http://www.bloomberg.com/news/articles/2016-03-17/google-is-said-to-put-boston-dynamics-robotics-unit-up-for-sale,1
http://www.wired.co.uk/news/archive/2015-12/23/boston-dynamics-christmas-robot,1
/alphabet,1
/news/archive/2016-02/24/atlas-boston-dynamics-robot-video-latest,2
/news/archive/2016-02/24/atlas-boston-dynamics-robot-video-latest,1
/news/archive/2016-03/18/panasonic-robot-suit-exoskeleton,2
/exoskeletons,1
/news/archive/2016-03/18/panasonic-robot-suit-exoskeleton,1
/news,1
/reviews,1
/magazine,1
/podcast,1
#,1
http://arstechnica.co.uk,2
http://www.bridesmagazine.co.uk/,2
http://www.condenastcollege.co.uk/,2
http://www.johansens.com/,2
http://www.cntraveller.com/,2
http://www.glamourmagazine.co.uk/,2
http://www.gq-magazine.co.uk/,2
http://www.houseandgarden.co.uk/,2
http://www.thelovemagazine.co.uk/,2
http://www.tatler.co.uk/,2
http://www.vanityfair.co.uk/,2
http://www.vogue.co.uk/,2
http://www.worldofinteriors.co.uk/,2
http://www.wired.com/?us_site=y,2
http://www.wired.it/,2
http://wired.tw/,2
http://www.wired.de/,2
http://www.wired.jp/,2
http://www.condenast.co.uk/,1
http://www.condenast.co.uk/privacy/,2
http://www.condenast.co.uk/terms/,2
/wired-insider/contact-us,2
http://arstechnica.co.uk,1
http://www.bridesmagazine.co.uk/,1
http://www.condenastcollege.co.uk/,1
http://www.johansens.com/,1
http://www.cntraveller.com/,1
http://www.glamourmagazine.co.uk/,1
http://www.gq-magazine.co.uk/,1
http://www.houseandgarden.co.uk/,1
http://www.thelovemagazine.co.uk/,1
http://www.tatler.co.uk/,1
http://www.vanityfair.co.uk/,1
http://www.vogue.co.uk/,1
http://www.worldofinteriors.co.uk/,1
http://www.wired.com/?us_site=y,1
http://www.wired.it/,1
http://wired.tw/,1
http://www.wired.de/,1
http://www.wired.jp/,1
http://www.condenast.co.uk/privacy/,1
http://www.condenast.co.uk/terms/,1
/wired-insider/contact-us,1
